{
  "swagger" : "2.0",
  "info" : {
    "version" : "1.0",
    "title" : "RESTServer",
    "description" : "RESTServer service"
  },
  "host" : "localhost:8080",
  "basePath" : "/",
  "schemes" : [ "http" ],
  "paths" : {
    "/restserver" : {
      "post" : {
        "summary" : "postRESTServer",
        "description" : "postRESTServer",
        "operationId" : "post-restserver",
        "consumes" : [ "multipart/form-data" ],
        "produces" : [ "application/json" ],
        "parameters" : [ {
          "name" : "form1",
          "in" : "formData",
          "description" : "",
          "type" : "string",
          "required" : false
        } ],
        "responses" : {
          "200" : {
            "description" : "OK"
          }
        }
      }
    }
  },
  "definitions" : { }
}